"n","q","B2","s2","x.mean","x.shape","c.shape","specify.x.gamma","specify.c.gamma","mx","mc","my","seed","Bor.B1","Bor.B2","Bor.B3","Bcc.B1","Bcc.B2","Bcc.B3","Bml.B1","Bml.B2","Bml.B3","Bsp.B1","Bsp.B2","Bsp.B3"
10000,0.75,0.2,0.09,0.5,1.2,1.2,1,1,100,15,3,8000001,1.00108571134835,0.206459402856227,-2.40259048812015,1.0018385928434,0.180665041422231,-2.43293343151268,0.995389429860879,0.221845265524325,-2.41113779884033,0.999724717932753,0.196521212055079,-2.4329262851404
10000,0.75,0.2,0.09,0.5,1.2,1.2,0,1,100,15,3,8000001,1.00108571134835,0.206459402856227,-2.40259048812015,1.0018385928434,0.180665041422231,-2.43293343151268,0.999319345908538,0.183205674371237,-2.4199886638565,1.00138517420543,0.185470603878065,-2.43300054321885
10000,0.75,0.2,0.09,0.5,1.2,1.2,1,0,100,15,3,8000001,1.00108571134835,0.206459402856227,-2.40259048812015,1.0018385928434,0.180665041422231,-2.43293343151268,0.995389429860879,0.221845265524325,-2.41113779884033,0.999522325715705,0.199169296287261,-2.43295684895227
10000,0.75,0.2,0.09,0.5,1.2,1.2,0,0,100,15,3,8000001,1.00108571134835,0.206459402856227,-2.40259048812015,1.0018385928434,0.180665041422231,-2.43293343151268,0.999319345908538,0.183205674371237,-2.4199886638565,1.00129213152775,0.187179819730652,-2.43304402971826
10000,0.75,0.2,0.09,0.5,1.2,1.2,1,1,100,15,3,8000002,0.995336736158316,0.201775955897061,-2.40066944016842,0.998897430750077,0.204958774447236,-2.37938065252715,1.00271040450844,0.183863600772048,-2.38734200449422,0.999881942300261,0.199299522932167,-2.37949816953152
10000,0.75,0.2,0.09,0.5,1.2,1.2,0,1,100,15,3,8000002,0.995336736158316,0.201775955897061,-2.40066944016842,0.998897430750077,0.204958774447236,-2.37938065252715,1.00614725715132,0.155317100484242,-2.3919867432202,1.00172969630221,0.186977436768998,-2.37941474890769
10000,0.75,0.2,0.09,0.5,1.2,1.2,1,0,100,15,3,8000002,0.995336736158316,0.201775955897061,-2.40066944016842,0.998897430750077,0.204958774447236,-2.37938065252715,1.00271040450844,0.183863600772048,-2.38734200449422,0.999843540229721,0.200545079768876,-2.37954649861895
10000,0.75,0.2,0.09,0.5,1.2,1.2,0,0,100,15,3,8000002,0.995336736158316,0.201775955897061,-2.40066944016842,0.998897430750077,0.204958774447236,-2.37938065252715,1.00614725715132,0.155317100484242,-2.3919867432202,1.00178584166522,0.187439468016558,-2.37945446624593
10000,0.75,0.2,0.09,0.5,1.2,1.2,1,1,100,15,3,8000003,1.00181543858835,0.199766479016575,-2.42912334014576,1.00062471348225,0.230142911133139,-2.42909441124598,1.00342761319797,0.198819859668067,-2.4243836152341,1.00161879026399,0.225497476776674,-2.42917471756651
10000,0.75,0.2,0.09,0.5,1.2,1.2,0,1,100,15,3,8000003,1.00181543858835,0.199766479016575,-2.42912334014576,1.00062471348225,0.230142911133139,-2.42909441124598,1.00663683715458,0.170174206175983,-2.42992486082927,1.00321719913451,0.214683575568376,-2.42911571356582
10000,0.75,0.2,0.09,0.5,1.2,1.2,1,0,100,15,3,8000003,1.00181543858835,0.199766479016575,-2.42912334014576,1.00062471348225,0.230142911133139,-2.42909441124598,1.00342761319797,0.198819859668067,-2.4243836152341,1.00160452865017,0.226896122815872,-2.42926433865144
10000,0.75,0.2,0.09,0.5,1.2,1.2,0,0,100,15,3,8000003,1.00181543858835,0.199766479016575,-2.42912334014576,1.00062471348225,0.230142911133139,-2.42909441124598,1.00663683715458,0.170174206175983,-2.42992486082927,1.0033271606243,0.214984034792268,-2.42919676944121
10000,0.75,0.2,0.09,0.5,1.2,1.2,1,1,100,15,3,8000004,0.997214291538802,0.207143539784567,-2.41430697191405,1.00914352197932,0.179933091591629,-2.43448608517389,1.00351182882446,0.191697533785727,-2.40106658946218,1.00781876282447,0.192914121678214,-2.4345394064364
10000,0.75,0.2,0.09,0.5,1.2,1.2,0,1,100,15,3,8000004,0.997214291538802,0.207143539784567,-2.41430697191405,1.00914352197932,0.179933091591629,-2.43448608517389,1.00712793290234,0.159782592149344,-2.40783400065449,1.00970116124924,0.179952054856897,-2.43460292015516
10000,0.75,0.2,0.09,0.5,1.2,1.2,1,0,100,15,3,8000004,0.997214291538802,0.207143539784567,-2.41430697191405,1.00914352197932,0.179933091591629,-2.43448608517389,1.00351182882446,0.191697533785727,-2.40106658946218,1.00766884914905,0.196894163584615,-2.43462969290655
10000,0.75,0.2,0.09,0.5,1.2,1.2,0,0,100,15,3,8000004,0.997214291538802,0.207143539784567,-2.41430697191405,1.00914352197932,0.179933091591629,-2.43448608517389,1.00712793290234,0.159782592149344,-2.40783400065449,1.00970267464154,0.18247101745037,-2.43470825262217
10000,0.75,0.2,0.09,0.5,1.2,1.2,1,1,100,15,3,8000005,1.00359691651034,0.197563669593575,-2.41490927921597,1.00425892486903,0.184951257826817,-2.4723364741297,0.997417009596103,0.208842246808916,-2.42763165409706,1.00275101829265,0.197867993563753,-2.47240438816607
10000,0.75,0.2,0.09,0.5,1.2,1.2,0,1,100,15,3,8000005,1.00359691651034,0.197563669593575,-2.41490927921597,1.00425892486903,0.184951257826817,-2.4723364741297,1.00117923662144,0.177388673170051,-2.43360415884673,1.0041730553353,0.188173544622986,-2.47244976718757
10000,0.75,0.2,0.09,0.5,1.2,1.2,1,0,100,15,3,8000005,1.00359691651034,0.197563669593575,-2.41490927921597,1.00425892486903,0.184951257826817,-2.4723364741297,0.997417009596103,0.208842246808916,-2.42763165409706,1.00260890636353,0.201104822262429,-2.47249292220382
10000,0.75,0.2,0.09,0.5,1.2,1.2,0,0,100,15,3,8000005,1.00359691651034,0.197563669593575,-2.41490927921597,1.00425892486903,0.184951257826817,-2.4723364741297,1.00117923662144,0.177388673170051,-2.43360415884673,1.00416041354027,0.190223539324155,-2.47254837373342
10000,0.75,0.2,0.09,0.5,1.2,1.2,1,1,100,15,3,8000006,1.00320885805498,0.201752904272257,-2.38830648426542,0.99511221281398,0.186363514669005,-2.41851272045916,0.997386907603158,0.207423778705024,-2.40408105540366,0.993548214469601,0.19791026437248,-2.41860649566877
10000,0.75,0.2,0.09,0.5,1.2,1.2,0,1,100,15,3,8000006,1.00320885805498,0.201752904272257,-2.38830648426542,0.99511221281398,0.186363514669005,-2.41851272045916,0.999899976540068,0.179369239321827,-2.41139013755374,0.995060172398917,0.187578798751186,-2.4186158968331
10000,0.75,0.2,0.09,0.5,1.2,1.2,1,0,100,15,3,8000006,1.00320885805498,0.201752904272257,-2.38830648426542,0.99511221281398,0.186363514669005,-2.41851272045916,0.997386907603158,0.207423778705024,-2.40408105540366,0.993338140559673,0.200413510959412,-2.41865994195201
10000,0.75,0.2,0.09,0.5,1.2,1.2,0,0,100,15,3,8000006,1.00320885805498,0.201752904272257,-2.38830648426542,0.99511221281398,0.186363514669005,-2.41851272045916,0.999899976540068,0.179369239321827,-2.41139013755374,0.99493861765048,0.189286431623857,-2.41867190420765
10000,0.75,0.2,0.09,0.5,1.2,1.2,1,1,100,15,3,8000007,0.999083590390194,0.198089185678827,-2.40883535436115,0.994504047043076,0.215659462003322,-2.43894438010111,0.994791099000279,0.20618119049486,-2.41448596638551,0.994518635224593,0.217523969067214,-2.43911420016591
10000,0.75,0.2,0.09,0.5,1.2,1.2,0,1,100,15,3,8000007,0.999083590390194,0.198089185678827,-2.40883535436115,0.994504047043076,0.215659462003322,-2.43894438010111,0.998052070829534,0.177239305557923,-2.42009883804375,0.996027180475555,0.207316849757446,-2.4390800227871
10000,0.75,0.2,0.09,0.5,1.2,1.2,1,0,100,15,3,8000007,0.999083590390194,0.198089185678827,-2.40883535436115,0.994504047043076,0.215659462003322,-2.43894438010111,0.994791099000279,0.20618119049486,-2.41448596638551,0.994478708983768,0.218978523150599,-2.43919321297882
10000,0.75,0.2,0.09,0.5,1.2,1.2,0,0,100,15,3,8000007,0.999083590390194,0.198089185678827,-2.40883535436115,0.994504047043076,0.215659462003322,-2.43894438010111,0.998052070829534,0.177239305557923,-2.42009883804375,0.996081398344887,0.207918304200013,-2.43915432803017
10000,0.75,0.2,0.09,0.5,1.2,1.2,1,1,100,15,3,8000008,0.992800853324986,0.203139069978268,-2.41780638086725,0.999764771218393,0.145726401486761,-2.3857008951772,0.996836717967167,0.191226597066595,-2.41102801167359,0.997330526198887,0.161988043902186,-2.38569452806429
10000,0.75,0.2,0.09,0.5,1.2,1.2,0,1,100,15,3,8000008,0.992800853324986,0.203139069978268,-2.41780638086725,0.999764771218393,0.145726401486761,-2.3857008951772,1.00013714618106,0.160783251264225,-2.4185693394095,0.998937770526029,0.151438721912007,-2.38574479946976
10000,0.75,0.2,0.09,0.5,1.2,1.2,1,0,100,15,3,8000008,0.992800853324986,0.203139069978268,-2.41780638086725,0.999764771218393,0.145726401486761,-2.3857008951772,0.996836717967167,0.191226597066595,-2.41102801167359,0.997052974858758,0.16496066814658,-2.38570578512987
10000,0.75,0.2,0.09,0.5,1.2,1.2,0,0,100,15,3,8000008,0.992800853324986,0.203139069978268,-2.41780638086725,0.999764771218393,0.145726401486761,-2.3857008951772,1.00013714618106,0.160783251264225,-2.4185693394095,0.9987539907792,0.153607219303439,-2.38576655857915
10000,0.75,0.2,0.09,0.5,1.2,1.2,1,1,100,15,3,8000009,1.00521565771177,0.197536172987733,-2.39931902159189,1.00521588575319,0.213561849971035,-2.43292405467208,1.00263834209365,0.19898088533444,-2.40562996582051,1.00511624317775,0.2173102537656,-2.43298635502845
10000,0.75,0.2,0.09,0.5,1.2,1.2,0,1,100,15,3,8000009,1.00521565771177,0.197536172987733,-2.39931902159189,1.00521588575319,0.213561849971035,-2.43292405467208,1.00548017094704,0.168341500633751,-2.41284010783105,1.00684907089634,0.206185001472925,-2.43300127256796
10000,0.75,0.2,0.09,0.5,1.2,1.2,1,0,100,15,3,8000009,1.00521565771177,0.197536172987733,-2.39931902159189,1.00521588575319,0.213561849971035,-2.43292405467208,1.00263834209365,0.19898088533444,-2.40562996582051,1.00510880846369,0.218456081737588,-2.43303823043317
10000,0.75,0.2,0.09,0.5,1.2,1.2,0,0,100,15,3,8000009,1.00521565771177,0.197536172987733,-2.39931902159189,1.00521588575319,0.213561849971035,-2.43292405467208,1.00548017094704,0.168341500633751,-2.41284010783105,1.00696300916805,0.206347232557029,-2.43305442044499
10000,0.75,0.2,0.09,0.5,1.2,1.2,1,1,100,15,3,8000010,1.00161035398872,0.19806464943546,-2.41102581115745,1.0171838980558,0.0816258149862876,-2.40773239518922,1.00148481761049,0.19227926006149,-2.41534046600806,1.0116355815229,0.119480421679644,-2.40737672969649
10000,0.75,0.2,0.09,0.5,1.2,1.2,0,1,100,15,3,8000010,1.00161035398872,0.19806464943546,-2.41102581115745,1.0171838980558,0.0816258149862876,-2.40773239518922,1.0039788916114,0.163987126478241,-2.42286494188342,1.01230310173368,0.114745469449198,-2.40747894786876
10000,0.75,0.2,0.09,0.5,1.2,1.2,1,0,100,15,3,8000010,1.00161035398872,0.19806464943546,-2.41102581115745,1.0171838980558,0.0816258149862876,-2.40773239518922,1.00148481761049,0.19227926006149,-2.41534046600806,1.01110967785817,0.124464810015092,-2.40730316844403
10000,0.75,0.2,0.09,0.5,1.2,1.2,0,0,100,15,3,8000010,1.00161035398872,0.19806464943546,-2.41102581115745,1.0171838980558,0.0816258149862876,-2.40773239518922,1.0039788916114,0.163987126478241,-2.42286494188342,1.01186804917309,0.118952790608197,-2.40743099408296
10000,0.75,0.2,0.09,0.5,1.2,1.2,1,1,100,15,3,8000011,0.99906595220401,0.199694408294288,-2.39677407751048,1.01023461356362,0.147517012258026,-2.40504381988559,1.00175133547272,0.196499651026605,-2.39010805936789,1.00780864297164,0.165807154244346,-2.40514584676907
10000,0.75,0.2,0.09,0.5,1.2,1.2,0,1,100,15,3,8000011,0.99906595220401,0.199694408294288,-2.39677407751048,1.01023461356362,0.147517012258026,-2.40504381988559,1.00499430884673,0.166528748196473,-2.3965996718334,1.00910561579925,0.157031776422429,-2.40518393857998
10000,0.75,0.2,0.09,0.5,1.2,1.2,1,0,100,15,3,8000011,0.99906595220401,0.199694408294288,-2.39677407751048,1.01023461356362,0.147517012258026,-2.40504381988559,1.00175133547272,0.196499651026605,-2.39010805936789,1.00754179320538,0.169539154040505,-2.40519071935537
10000,0.75,0.2,0.09,0.5,1.2,1.2,0,0,100,15,3,8000011,0.99906595220401,0.199694408294288,-2.39677407751048,1.01023461356362,0.147517012258026,-2.40504381988559,1.00499430884673,0.166528748196473,-2.3965996718334,1.0089378345151,0.159859876533119,-2.40523753158696
10000,0.75,0.2,0.09,0.5,1.2,1.2,1,1,100,15,3,8000012,0.994657284293107,0.205752019061953,-2.41599610336009,0.995978509215194,0.223376068512943,-2.43396973216487,0.997566265265816,0.200312027674844,-2.40902616779526,0.99622765870522,0.225034078082735,-2.43412207552399
10000,0.75,0.2,0.09,0.5,1.2,1.2,0,1,100,15,3,8000012,0.994657284293107,0.205752019061953,-2.41599610336009,0.995978509215194,0.223376068512943,-2.43396973216487,1.00070678987283,0.171653644967167,-2.41593540551485,0.997970893650956,0.213372448133586,-2.43410680973399
10000,0.75,0.2,0.09,0.5,1.2,1.2,1,0,100,15,3,8000012,0.994657284293107,0.205752019061953,-2.41599610336009,0.995978509215194,0.223376068512943,-2.43396973216487,0.997566265265816,0.200312027674844,-2.40902616779526,0.996180515998994,0.227022255769341,-2.43425487769764
10000,0.75,0.2,0.09,0.5,1.2,1.2,0,0,100,15,3,8000012,0.994657284293107,0.205752019061953,-2.41599610336009,0.995978509215194,0.223376068512943,-2.43396973216487,1.00070678987283,0.171653644967167,-2.41593540551485,0.998053466245016,0.214167721055554,-2.43423379531331
10000,0.75,0.2,0.09,0.5,1.2,1.2,1,1,100,15,3,8000013,1.00449287319622,0.201381511670716,-2.41631512950739,1.00560567854472,0.215353945701562,-2.40684586399969,1.00566927232456,0.199934296164012,-2.41359707173708,1.0059538119286,0.215333985740002,-2.4068800958393
10000,0.75,0.2,0.09,0.5,1.2,1.2,0,1,100,15,3,8000013,1.00449287319622,0.201381511670716,-2.41631512950739,1.00560567854472,0.215353945701562,-2.40684586399969,1.00972099139536,0.164942349814506,-2.42102396359022,1.00823691926075,0.199972267727961,-2.40685126578604
10000,0.75,0.2,0.09,0.5,1.2,1.2,1,0,100,15,3,8000013,1.00449287319622,0.201381511670716,-2.41631512950739,1.00560567854472,0.215353945701562,-2.40684586399969,1.00566927232456,0.199934296164012,-2.41359707173708,1.00591121465088,0.2170645159502,-2.40692319438293
10000,0.75,0.2,0.09,0.5,1.2,1.2,0,0,100,15,3,8000013,1.00449287319622,0.201381511670716,-2.41631512950739,1.00560567854472,0.215353945701562,-2.40684586399969,1.00972099139536,0.164942349814506,-2.42102396359022,1.00833322004127,0.20048526615021,-2.40689149750111
10000,0.75,0.2,0.09,0.5,1.2,1.2,1,1,100,15,3,8000014,1.0029469431024,0.194996593749307,-2.40457296762804,0.997790573575333,0.257996902927773,-2.39325784495899,1.00497032244733,0.185589005451573,-2.39956009195069,1.00115657681807,0.23950643362535,-2.39326413254259
10000,0.75,0.2,0.09,0.5,1.2,1.2,0,1,100,15,3,8000014,1.0029469431024,0.194996593749307,-2.40457296762804,0.997790573575333,0.257996902927773,-2.39325784495899,1.0088012397743,0.155979023453223,-2.40503273878197,1.00340976906809,0.224787166139537,-2.39314244913054
10000,0.75,0.2,0.09,0.5,1.2,1.2,1,0,100,15,3,8000014,1.0029469431024,0.194996593749307,-2.40457296762804,0.997790573575333,0.257996902927773,-2.39325784495899,1.00497032244733,0.185589005451573,-2.39956009195069,1.00124300411733,0.240697943287295,-2.39338937665761
10000,0.75,0.2,0.09,0.5,1.2,1.2,0,0,100,15,3,8000014,1.0029469431024,0.194996593749307,-2.40457296762804,0.997790573575333,0.257996902927773,-2.39325784495899,1.0088012397743,0.155979023453223,-2.40503273878197,1.00361164984015,0.224943855254777,-2.39325011931482
10000,0.75,0.2,0.09,0.5,1.2,1.2,1,1,100,15,3,8000015,1.0148623027493,0.186064365016709,-2.41239972238632,1.01478957097878,0.173907345580423,-2.43071047765087,1.01327750198138,0.191746116415361,-2.4134769344602,1.01380414010327,0.181381156707929,-2.43078384251082
10000,0.75,0.2,0.09,0.5,1.2,1.2,0,1,100,15,3,8000015,1.0148623027493,0.186064365016709,-2.41239972238632,1.01478957097878,0.173907345580423,-2.43071047765087,1.01593215115936,0.16310994740987,-2.4187539649134,1.01499672548535,0.173755650588405,-2.4307955605116
10000,0.75,0.2,0.09,0.5,1.2,1.2,1,0,100,15,3,8000015,1.0148623027493,0.186064365016709,-2.41239972238632,1.01478957097878,0.173907345580423,-2.43071047765087,1.01327750198138,0.191746116415361,-2.4134769344602,1.01362423941076,0.18366275808424,-2.43084030207985
10000,0.75,0.2,0.09,0.5,1.2,1.2,0,0,100,15,3,8000015,1.0148623027493,0.186064365016709,-2.41239972238632,1.01478957097878,0.173907345580423,-2.43071047765087,1.01593215115936,0.16310994740987,-2.4187539649134,1.0149506881237,0.174972565969841,-2.43085403157995
10000,0.75,0.2,0.09,0.5,1.2,1.2,1,1,100,15,3,8000016,1.00141463387812,0.195929589143747,-2.3931268184574,1.00866642615885,0.184631179604959,-2.41672388028789,1.0067196773283,0.183985594591747,-2.38416144266015,1.00812274408825,0.190947088507299,-2.41688907307641
10000,0.75,0.2,0.09,0.5,1.2,1.2,0,1,100,15,3,8000016,1.00141463387812,0.195929589143747,-2.3931268184574,1.00866642615885,0.184631179604959,-2.41672388028789,1.01016329238401,0.153145685115191,-2.39006870425927,1.00995143787341,0.179049528748029,-2.41688836152862
10000,0.75,0.2,0.09,0.5,1.2,1.2,1,0,100,15,3,8000016,1.00141463387812,0.195929589143747,-2.3931268184574,1.00866642615885,0.184631179604959,-2.41672388028789,1.0067196773283,0.183985594591747,-2.38416144266015,1.00804913027832,0.192979290328411,-2.41697669528451
10000,0.75,0.2,0.09,0.5,1.2,1.2,0,0,100,15,3,8000016,1.00141463387812,0.195929589143747,-2.3931268184574,1.00866642615885,0.184631179604959,-2.41672388028789,1.01016329238401,0.153145685115191,-2.39006870425927,1.01000466527049,0.180037702725874,-2.41697502923258
10000,0.75,0.2,0.09,0.5,1.2,1.2,1,1,100,15,3,8000017,1.00096422196703,0.196930280956909,-2.38146950706936,1.00432440076667,0.217990375370462,-2.36698994990724,1.01019905691414,0.17813237317946,-2.36457340052168,1.00580703294798,0.209314909693428,-2.36706000137389
10000,0.75,0.2,0.09,0.5,1.2,1.2,0,1,100,15,3,8000017,1.00096422196703,0.196930280956909,-2.38146950706936,1.00432440076667,0.217990375370462,-2.36698994990724,1.01356490011661,0.148614809593556,-2.36928919291619,1.00777653716566,0.196306860859253,-2.36696842131141
10000,0.75,0.2,0.09,0.5,1.2,1.2,1,0,100,15,3,8000017,1.00096422196703,0.196930280956909,-2.38146950706936,1.00432440076667,0.217990375370462,-2.36698994990724,1.01019905691414,0.17813237317946,-2.36457340052168,1.0058250100155,0.210062107944717,-2.36711717471234
10000,0.75,0.2,0.09,0.5,1.2,1.2,0,0,100,15,3,8000017,1.00096422196703,0.196930280956909,-2.38146950706936,1.00432440076667,0.217990375370462,-2.36698994990724,1.01356490011661,0.148614809593556,-2.36928919291619,1.00791295849248,0.196079808687508,-2.36701535381652
10000,0.75,0.2,0.09,0.5,1.2,1.2,1,1,100,15,3,8000018,1.00140489102584,0.204369481463895,-2.42079815688561,1.01554015064537,0.0970129165187963,-2.47758202001935,1.00263225865267,0.203526025251238,-2.41890491445298,1.00911093790251,0.143142195045521,-2.4770826165548
10000,0.75,0.2,0.09,0.5,1.2,1.2,0,1,100,15,3,8000018,1.00140489102584,0.204369481463895,-2.42079815688561,1.01554015064537,0.0970129165187963,-2.47758202001935,1.0045793243863,0.171692606784271,-2.43059086624833,1.01002619488981,0.136620495962228,-2.4772992372933
10000,0.75,0.2,0.09,0.5,1.2,1.2,1,0,100,15,3,8000018,1.00140489102584,0.204369481463895,-2.42079815688561,1.01554015064537,0.0970129165187963,-2.47758202001935,1.00263225865267,0.203526025251238,-2.41890491445298,1.00864990202454,0.14789847132917,-2.47702659449189
10000,0.75,0.2,0.09,0.5,1.2,1.2,0,0,100,15,3,8000018,1.00140489102584,0.204369481463895,-2.42079815688561,1.01554015064537,0.0970129165187963,-2.47758202001935,1.0045793243863,0.171692606784271,-2.43059086624833,1.00968606692989,0.140288902638575,-2.47728456246971
10000,0.75,0.2,0.09,0.5,1.2,1.2,1,1,100,15,3,8000019,1.00042792957828,0.206238269595959,-2.40119336112638,0.992125728417608,0.267025298759778,-2.40942774324521,1.00101865533555,0.206004877897665,-2.4009438534744,0.994313540757961,0.254737541457316,-2.40956482771714
10000,0.75,0.2,0.09,0.5,1.2,1.2,0,1,100,15,3,8000019,1.00042792957828,0.206238269595959,-2.40119336112638,0.992125728417608,0.267025298759778,-2.40942774324521,1.00560080021734,0.168003216813349,-2.40756620930772,0.9967199210355,0.239405413988517,-2.40939922370984
10000,0.75,0.2,0.09,0.5,1.2,1.2,1,0,100,15,3,8000019,1.00042792957828,0.206238269595959,-2.40119336112638,0.992125728417608,0.267025298759778,-2.40942774324521,1.00101865533555,0.206004877897665,-2.4009438534744,0.994376591674771,0.2554725639412,-2.40968910824926
10000,0.75,0.2,0.09,0.5,1.2,1.2,0,0,100,15,3,8000019,1.00042792957828,0.206238269595959,-2.40119336112638,0.992125728417608,0.267025298759778,-2.40942774324521,1.00560080021734,0.168003216813349,-2.40756620930772,0.996969016174301,0.238674167372044,-2.40949507816882
10000,0.75,0.2,0.09,0.5,1.2,1.2,1,1,100,15,3,8000020,1.00098841221262,0.206368069778781,-2.40308174390336,1.00617567907814,0.136095118217973,-2.40016288963236,0.997587531542889,0.207778558108943,-2.40938187428072,1.00191431918872,0.165988532271623,-2.39986845367088
10000,0.75,0.2,0.09,0.5,1.2,1.2,0,1,100,15,3,8000020,1.00098841221262,0.206368069778781,-2.40308174390336,1.00617567907814,0.136095118217973,-2.40016288963236,1.00085728080393,0.176153620010172,-2.41769346326839,1.00344650775555,0.155329602965865,-2.40003734277526
10000,0.75,0.2,0.09,0.5,1.2,1.2,1,0,100,15,3,8000020,1.00098841221262,0.206368069778781,-2.40308174390336,1.00617567907814,0.136095118217973,-2.40016288963236,0.997587531542889,0.207778558108943,-2.40938187428072,1.00152806058034,0.170069020868213,-2.39983574436794
10000,0.75,0.2,0.09,0.5,1.2,1.2,0,0,100,15,3,8000020,1.00098841221262,0.206368069778781,-2.40308174390336,1.00617567907814,0.136095118217973,-2.40016288963236,1.00085728080393,0.176153620010172,-2.41769346326839,1.00316620689973,0.158475022871629,-2.40003235834629
10000,0.75,0.2,0.09,0.5,1.2,1.2,1,1,100,15,3,8000021,0.99984702265981,0.201510831910906,-2.3707533273665,0.992180521924048,0.222695308381587,-2.33169398734339,0.994657069614104,0.213689040578999,-2.38031388371904,0.992760651653408,0.219130528695826,-2.33151827308924
10000,0.75,0.2,0.09,0.5,1.2,1.2,0,1,100,15,3,8000021,0.99984702265981,0.201510831910906,-2.3707533273665,0.992180521924048,0.222695308381587,-2.33169398734339,0.999726383747667,0.173548050184456,-2.38698964314918,0.995280132726467,0.202260177823992,-2.33146740965487
10000,0.75,0.2,0.09,0.5,1.2,1.2,1,0,100,15,3,8000021,0.99984702265981,0.201510831910906,-2.3707533273665,0.992180521924048,0.222695308381587,-2.33169398734339,0.994657069614104,0.213689040578999,-2.38031388371904,0.992639119992388,0.220931469339866,-2.33152261743142
10000,0.75,0.2,0.09,0.5,1.2,1.2,0,0,100,15,3,8000021,0.99984702265981,0.201510831910906,-2.3707533273665,0.992180521924048,0.222695308381587,-2.33169398734339,0.999726383747667,0.173548050184456,-2.38698964314918,0.995294856520934,0.202948084055652,-2.33147277092936
10000,0.75,0.2,0.09,0.5,1.2,1.2,1,1,100,15,3,8000022,0.995257262685806,0.210852755384442,-2.41018551287667,0.987361601892234,0.291481131030637,-2.44334698929202,0.992843445380649,0.215279110220014,-2.4141964252355,0.990133851652708,0.279875527001523,-2.44353170844253
10000,0.75,0.2,0.09,0.5,1.2,1.2,0,1,100,15,3,8000022,0.995257262685806,0.210852755384442,-2.41018551287667,0.987361601892234,0.291481131030637,-2.44334698929202,0.998445180564045,0.175040593529133,-2.4218824929396,0.992295742457165,0.266818600633972,-2.44343119643832
10000,0.75,0.2,0.09,0.5,1.2,1.2,1,0,100,15,3,8000022,0.995257262685806,0.210852755384442,-2.41018551287667,0.987361601892234,0.291481131030637,-2.44334698929202,0.992843445380649,0.215279110220014,-2.4141964252355,0.990424175137164,0.280155523507672,-2.44373700773937
10000,0.75,0.2,0.09,0.5,1.2,1.2,0,0,100,15,3,8000022,0.995257262685806,0.210852755384442,-2.41018551287667,0.987361601892234,0.291481131030637,-2.44334698929202,0.998445180564045,0.175040593529133,-2.4218824929396,0.992800171921872,0.265368444073673,-2.44360177008809
10000,0.75,0.2,0.09,0.5,1.2,1.2,1,1,100,15,3,8000023,1.00490284834323,0.193575115250959,-2.42264702439423,1.01817455760019,0.158505789428394,-2.40178467956071,1.00913235536034,0.186941629264228,-2.41481870143426,1.01744687484694,0.164817417882384,-2.40182769842287
10000,0.75,0.2,0.09,0.5,1.2,1.2,0,1,100,15,3,8000023,1.00490284834323,0.193575115250959,-2.42264702439423,1.01817455760019,0.158505789428394,-2.40178467956071,1.01338947456006,0.153393118553303,-2.41968730538181,1.01893599886506,0.155053605473827,-2.40181685483853
10000,0.75,0.2,0.09,0.5,1.2,1.2,1,0,100,15,3,8000023,1.00490284834323,0.193575115250959,-2.42264702439423,1.01817455760019,0.158505789428394,-2.40178467956071,1.00913235536034,0.186941629264228,-2.41481870143426,1.01732060343844,0.167366041058097,-2.40186462317699
10000,0.75,0.2,0.09,0.5,1.2,1.2,0,0,100,15,3,8000023,1.00490284834323,0.193575115250959,-2.42264702439423,1.01817455760019,0.158505789428394,-2.40178467956071,1.01338947456006,0.153393118553303,-2.41968730538181,1.01893272837692,0.156609647797862,-2.4018530212741
10000,0.75,0.2,0.09,0.5,1.2,1.2,1,1,100,15,3,8000024,0.999527884725387,0.191077966291274,-2.39437039954406,0.991361265888588,0.202366329100639,-2.39592169048714,0.999258540886408,0.187423030777081,-2.39690358516128,0.991637738935162,0.200796044039827,-2.3960132265333
10000,0.75,0.2,0.09,0.5,1.2,1.2,0,1,100,15,3,8000024,0.999527884725387,0.191077966291274,-2.39437039954406,0.991361265888588,0.202366329100639,-2.39592169048714,1.00181847601627,0.161049875836597,-2.40220253720412,0.993302462592785,0.189784386975447,-2.3959657292231
10000,0.75,0.2,0.09,0.5,1.2,1.2,1,0,100,15,3,8000024,0.999527884725387,0.191077966291274,-2.39437039954406,0.991361265888588,0.202366329100639,-2.39592169048714,0.999258540886408,0.187423030777081,-2.39690358516128,0.991485047030918,0.202801244512821,-2.39608395049845
10000,0.75,0.2,0.09,0.5,1.2,1.2,0,0,100,15,3,8000024,0.999527884725387,0.191077966291274,-2.39437039954406,0.991361265888588,0.202366329100639,-2.39592169048714,1.00181847601627,0.161049875836597,-2.40220253720412,0.993271402636886,0.19083609387843,-2.3960307088672
10000,0.75,0.2,0.09,0.5,1.2,1.2,1,1,100,15,3,8000025,0.993012688927502,0.206775616895205,-2.39816323900209,0.992945450490429,0.158080524746969,-2.39696853234509,0.989306638076065,0.213574227506835,-2.40385742756504,0.98983983353625,0.179605077877755,-2.39683231238889
10000,0.75,0.2,0.09,0.5,1.2,1.2,0,1,100,15,3,8000025,0.993012688927502,0.206775616895205,-2.39816323900209,0.992945450490429,0.158080524746969,-2.39696853234509,0.993082541187968,0.178357713027579,-2.41183281403846,0.99154324389818,0.16794311023727,-2.3969651988957
10000,0.75,0.2,0.09,0.5,1.2,1.2,1,0,100,15,3,8000025,0.993012688927502,0.206775616895205,-2.39816323900209,0.992945450490429,0.158080524746969,-2.39696853234509,0.989306638076065,0.213574227506835,-2.40385742756504,0.989570011905909,0.182410937360299,-2.39683546678079
10000,0.75,0.2,0.09,0.5,1.2,1.2,0,0,100,15,3,8000025,0.993012688927502,0.206775616895205,-2.39816323900209,0.992945450490429,0.158080524746969,-2.39696853234509,0.993082541187968,0.178357713027579,-2.41183281403846,0.991361267447108,0.169989666386416,-2.39698445739337
10000,0.75,0.2,0.09,0.5,1.2,1.2,1,1,100,15,3,8000026,0.999207619211933,0.201725448481901,-2.41856723971962,0.986429208128776,0.241744875334092,-2.40677369029863,0.993909447996732,0.208647733299132,-2.42971554415036,0.987661450110339,0.234626537313742,-2.4067937305889
10000,0.75,0.2,0.09,0.5,1.2,1.2,0,1,100,15,3,8000026,0.999207619211933,0.201725448481901,-2.41856723971962,0.986429208128776,0.241744875334092,-2.40677369029863,0.99798261432483,0.174688082705503,-2.43568608318229,0.989727259542887,0.221512240357159,-2.40669855430148
10000,0.75,0.2,0.09,0.5,1.2,1.2,1,0,100,15,3,8000026,0.999207619211933,0.201725448481901,-2.41856723971962,0.986429208128776,0.241744875334092,-2.40677369029863,0.993909447996732,0.208647733299132,-2.42971554415036,0.987599140433264,0.235873876848058,-2.40686636914919
10000,0.75,0.2,0.09,0.5,1.2,1.2,0,0,100,15,3,8000026,0.999207619211933,0.201725448481901,-2.41856723971962,0.986429208128776,0.241744875334092,-2.40677369029863,0.99798261432483,0.174688082705503,-2.43568608318229,0.989823548423374,0.221567688071684,-2.40675465871831
10000,0.75,0.2,0.09,0.5,1.2,1.2,1,1,100,15,3,8000027,1.00145274299702,0.196905936369394,-2.40443999096459,1.00191498343842,0.204208432678379,-2.41999694765474,0.999881021582471,0.205600779682124,-2.40555170010105,1.00128661199686,0.210667928537771,-2.42007569290053
10000,0.75,0.2,0.09,0.5,1.2,1.2,0,1,100,15,3,8000027,1.00145274299702,0.196905936369394,-2.40443999096459,1.00191498343842,0.204208432678379,-2.41999694765474,1.00361454049698,0.169726319673319,-2.41380447482831,1.00327665825287,0.197830429202651,-2.42008817746083
10000,0.75,0.2,0.09,0.5,1.2,1.2,1,0,100,15,3,8000027,1.00145274299702,0.196905936369394,-2.40443999096459,1.00191498343842,0.204208432678379,-2.41999694765474,0.999881021582471,0.205600779682124,-2.40555170010105,1.00120529683057,0.212277113620637,-2.42012045183858
10000,0.75,0.2,0.09,0.5,1.2,1.2,0,0,100,15,3,8000027,1.00145274299702,0.196905936369394,-2.40443999096459,1.00191498343842,0.204208432678379,-2.41999694765474,1.00361454049698,0.169726319673319,-2.41380447482831,1.00331639599185,0.198445934091711,-2.42013651704458
10000,0.75,0.2,0.09,0.5,1.2,1.2,1,1,100,15,3,8000028,0.990105733426725,0.209334887855514,-2.40167721954167,0.995475895006754,0.208010074833119,-2.44792326882957,0.993257650029075,0.202577598710048,-2.39704169367471,0.994864770838905,0.216022088235563,-2.44808086965828
10000,0.75,0.2,0.09,0.5,1.2,1.2,0,1,100,15,3,8000028,0.990105733426725,0.209334887855514,-2.40167721954167,0.995475895006754,0.208010074833119,-2.44792326882957,0.996902891014543,0.170383677545639,-2.40418585792303,0.99674665857945,0.203489853169858,-2.44810277622067
10000,0.75,0.2,0.09,0.5,1.2,1.2,1,0,100,15,3,8000028,0.990105733426725,0.209334887855514,-2.40167721954167,0.995475895006754,0.208010074833119,-2.44792326882957,0.993257650029075,0.202577598710048,-2.39704169367471,0.994863516447171,0.21766645108247,-2.44818256821356
10000,0.75,0.2,0.09,0.5,1.2,1.2,0,0,100,15,3,8000028,0.990105733426725,0.209334887855514,-2.40167721954167,0.995475895006754,0.208010074833119,-2.44792326882957,0.996902891014543,0.170383677545639,-2.40418585792303,0.996852598413849,0.204113530101014,-2.44820480659337
10000,0.75,0.2,0.09,0.5,1.2,1.2,1,1,100,15,3,8000029,1.00033012661056,0.196356409445954,-2.41048909208056,1.00910959090424,0.137081491365774,-2.40749066788515,1.00413227862814,0.186815985605601,-2.40424429193023,1.00653675111131,0.155686422808169,-2.40756363020191
10000,0.75,0.2,0.09,0.5,1.2,1.2,0,1,100,15,3,8000029,1.00033012661056,0.196356409445954,-2.41048909208056,1.00910959090424,0.137081491365774,-2.40749066788515,1.00715102624894,0.160236625751568,-2.40963596870811,1.00773670450812,0.14744867095872,-2.40760248477874
10000,0.75,0.2,0.09,0.5,1.2,1.2,1,0,100,15,3,8000029,1.00033012661056,0.196356409445954,-2.41048909208056,1.00910959090424,0.137081491365774,-2.40749066788515,1.00413227862814,0.186815985605601,-2.40424429193023,1.00611032749455,0.160776506004556,-2.40761539389955
10000,0.75,0.2,0.09,0.5,1.2,1.2,0,0,100,15,3,8000029,1.00033012661056,0.196356409445954,-2.41048909208056,1.00910959090424,0.137081491365774,-2.40749066788515,1.00715102624894,0.160236625751568,-2.40963596870811,1.0074341270122,0.151423932061536,-2.4076617386746
10000,0.75,0.2,0.09,0.5,1.2,1.2,1,1,100,15,3,8000030,0.994326480361922,0.211344516097761,-2.41362710778931,0.981616757285391,0.261441835125908,-2.38541562026511,0.992341563758262,0.21878522581659,-2.41397970625257,0.983107832555569,0.252054094716364,-2.38541530248326
10000,0.75,0.2,0.09,0.5,1.2,1.2,0,1,100,15,3,8000030,0.994326480361922,0.211344516097761,-2.41362710778931,0.981616757285391,0.261441835125908,-2.38541562026511,0.99761980902163,0.18038072411905,-2.41968947730744,0.985327607569083,0.237771986760797,-2.38528964234873
10000,0.75,0.2,0.09,0.5,1.2,1.2,1,0,100,15,3,8000030,0.994326480361922,0.211344516097761,-2.41362710778931,0.981616757285391,0.261441835125908,-2.38541562026511,0.992341563758262,0.21878522581659,-2.41397970625257,0.982989049561677,0.25382159871729,-2.38549967527823
10000,0.75,0.2,0.09,0.5,1.2,1.2,0,0,100,15,3,8000030,0.994326480361922,0.211344516097761,-2.41362710778931,0.981616757285391,0.261441835125908,-2.38541562026511,0.99761980902163,0.18038072411905,-2.41968947730744,0.985370732463916,0.238202775664541,-2.38535974770642
10000,0.75,0.2,0.09,0.5,1.2,1.2,1,1,100,15,3,8000031,1.01013148354266,0.181289295957285,-2.40223858374761,1.01989315920808,0.103467400419669,-2.39711579132581,1.0103707985904,0.187579773195564,-2.39804962389648,1.0161654159288,0.129228898158952,-2.39699914201032
10000,0.75,0.2,0.09,0.5,1.2,1.2,0,1,100,15,3,8000031,1.01013148354266,0.181289295957285,-2.40223858374761,1.01989315920808,0.103467400419669,-2.39711579132581,1.01345953740114,0.156258809585921,-2.40494634014465,1.01703621242428,0.123158717603761,-2.39707392376254
10000,0.75,0.2,0.09,0.5,1.2,1.2,1,0,100,15,3,8000031,1.01013148354266,0.181289295957285,-2.40223858374761,1.01989315920808,0.103467400419669,-2.39711579132581,1.0103707985904,0.187579773195564,-2.39804962389648,1.01579822420563,0.132839435795404,-2.39697938778859
10000,0.75,0.2,0.09,0.5,1.2,1.2,0,0,100,15,3,8000031,1.01013148354266,0.181289295957285,-2.40223858374761,1.01989315920808,0.103467400419669,-2.39711579132581,1.01345953740114,0.156258809585921,-2.40494634014465,1.01674397292849,0.126132299710922,-2.39706798262912
10000,0.75,0.2,0.09,0.5,1.2,1.2,1,1,100,15,3,8000032,0.994533391094443,0.204543894277868,-2.39985461783585,0.990074897208632,0.210022609436895,-2.40298853832081,0.99098804485659,0.218056644910657,-2.40419128339356,0.98947826256862,0.215325039368566,-2.40308807538007
10000,0.75,0.2,0.09,0.5,1.2,1.2,0,1,100,15,3,8000032,0.994533391094443,0.204543894277868,-2.39985461783585,0.990074897208632,0.210022609436895,-2.40298853832081,0.996106999511221,0.177483947242561,-2.41134191376913,0.991688716625119,0.200916797093142,-2.40306108508759
10000,0.75,0.2,0.09,0.5,1.2,1.2,1,0,100,15,3,8000032,0.994533391094443,0.204543894277868,-2.39985461783585,0.990074897208632,0.210022609436895,-2.40298853832081,0.99098804485659,0.218056644910657,-2.40419128339356,0.989297229643151,0.217881400328323,-2.40315384753323
10000,0.75,0.2,0.09,0.5,1.2,1.2,0,0,100,15,3,8000032,0.994533391094443,0.204543894277868,-2.39985461783585,0.990074897208632,0.210022609436895,-2.40298853832081,0.996106999511221,0.177483947242561,-2.41134191376913,0.991640023023679,0.202371195071371,-2.40312951070477
10000,0.75,0.2,0.09,0.5,1.2,1.2,1,1,100,15,3,8000033,1.00173466174226,0.19088893961707,-2.40889536552241,1.01629594026904,0.0790968047972251,-2.41123444219991,0.999473428510564,0.196128343068655,-2.41284018031758,1.01032200039627,0.121044922489057,-2.41087103023475
10000,0.75,0.2,0.09,0.5,1.2,1.2,0,1,100,15,3,8000033,1.00173466174226,0.19088893961707,-2.40889536552241,1.01629594026904,0.0790968047972251,-2.41123444219991,1.002428379291,0.167766570074264,-2.41986843562949,1.01099649162783,0.116058769151261,-2.41098471933044
10000,0.75,0.2,0.09,0.5,1.2,1.2,1,0,100,15,3,8000033,1.00173466174226,0.19088893961707,-2.40889536552241,1.01629594026904,0.0790968047972251,-2.41123444219991,0.999473428510564,0.196128343068655,-2.41284018031758,1.00977346448569,0.12657844209519,-2.41079577020323
10000,0.75,0.2,0.09,0.5,1.2,1.2,0,0,100,15,3,8000033,1.00173466174226,0.19088893961707,-2.40889536552241,1.01629594026904,0.0790968047972251,-2.41123444219991,1.002428379291,0.167766570074264,-2.41986843562949,1.01054831550256,0.120668563776852,-2.41093925471002
10000,0.75,0.2,0.09,0.5,1.2,1.2,1,1,100,15,3,8000034,0.996432511503606,0.202641593604655,-2.40389303998195,0.981461141698337,0.257920574319721,-2.39010220673608,0.98924573297231,0.220408481539354,-2.41413491928636,0.982545752926167,0.251515420884819,-2.39002601138834
10000,0.75,0.2,0.09,0.5,1.2,1.2,0,1,100,15,3,8000034,0.996432511503606,0.202641593604655,-2.40389303998195,0.981461141698337,0.257920574319721,-2.39010220673608,0.993637495862532,0.181226142352808,-2.42244652406531,0.98471813894473,0.237714797174117,-2.38994283331685
10000,0.75,0.2,0.09,0.5,1.2,1.2,1,0,100,15,3,8000034,0.996432511503606,0.202641593604655,-2.40389303998195,0.981461141698337,0.257920574319721,-2.39010220673608,0.98924573297231,0.220408481539354,-2.41413491928636,0.982498838925946,0.2523958165436,-2.39005053586328
10000,0.75,0.2,0.09,0.5,1.2,1.2,0,0,100,15,3,8000034,0.996432511503606,0.202641593604655,-2.40389303998195,0.981461141698337,0.257920574319721,-2.39010220673608,0.993637495862532,0.181226142352808,-2.42244652406531,0.984806642844635,0.237523815972428,-2.3899590158461
10000,0.75,0.2,0.09,0.5,1.2,1.2,1,1,100,15,3,8000035,0.996950596338595,0.206950685227611,-2.40337581354219,0.998930571078896,0.225472962584858,-2.39976670109924,1.00163661913012,0.200290858134303,-2.3921268502945,0.999519482057473,0.22348322085323,-2.39972622335334
10000,0.75,0.2,0.09,0.5,1.2,1.2,0,1,100,15,3,8000035,0.996950596338595,0.206950685227611,-2.40337581354219,0.998930571078896,0.225472962584858,-2.39976670109924,1.00598192558739,0.162163424709464,-2.3987261461673,1.00179772167918,0.209156149950424,-2.39970145478584
10000,0.75,0.2,0.09,0.5,1.2,1.2,1,0,100,15,3,8000035,0.996950596338595,0.206950685227611,-2.40337581354219,0.998930571078896,0.225472962584858,-2.39976670109924,1.00163661913012,0.200290858134303,-2.3921268502945,0.999501435179726,0.224595247246308,-2.39977369318498
10000,0.75,0.2,0.09,0.5,1.2,1.2,0,0,100,15,3,8000035,0.996950596338595,0.206950685227611,-2.40337581354219,0.998930571078896,0.225472962584858,-2.39976670109924,1.00598192558739,0.162163424709464,-2.3987261461673,1.00192959517704,0.209134138908671,-2.39974599695129
10000,0.75,0.2,0.09,0.5,1.2,1.2,1,1,100,15,3,8000036,0.997518784375033,0.198102352596316,-2.41605285255489,0.997367048502129,0.165913831197592,-2.44693115753855,0.99678229164269,0.19475143603568,-2.41886246609222,0.99498278752482,0.183300574819491,-2.44692669280162
10000,0.75,0.2,0.09,0.5,1.2,1.2,0,1,100,15,3,8000036,0.997518784375033,0.198102352596316,-2.41605285255489,0.997367048502129,0.165913831197592,-2.44693115753855,0.999333505051258,0.165459708010421,-2.42704781976128,0.996613845033225,0.172438206057565,-2.4470167083003
10000,0.75,0.2,0.09,0.5,1.2,1.2,1,0,100,15,3,8000036,0.997518784375033,0.198102352596316,-2.41605285255489,0.997367048502129,0.165913831197592,-2.44693115753855,0.99678229164269,0.19475143603568,-2.41886246609222,0.994757341028819,0.185899677029743,-2.44696502181238
10000,0.75,0.2,0.09,0.5,1.2,1.2,0,0,100,15,3,8000036,0.997518784375033,0.198102352596316,-2.41605285255489,0.997367048502129,0.165913831197592,-2.44693115753855,0.999333505051258,0.165459708010421,-2.42704781976128,0.996496271087742,0.174105752859245,-2.44707103799525
10000,0.75,0.2,0.09,0.5,1.2,1.2,1,1,100,15,3,8000037,1.00619539849903,0.193232450445189,-2.41867497065163,0.997327744087364,0.219908285142138,-2.43051777841656,1.00077153359631,0.203899603509686,-2.42758602786075,0.997676714989823,0.219096347586655,-2.43051169760777
10000,0.75,0.2,0.09,0.5,1.2,1.2,0,1,100,15,3,8000037,1.00619539849903,0.193232450445189,-2.41867497065163,0.997327744087364,0.219908285142138,-2.43051777841656,1.00486045621087,0.170435690799633,-2.43344905824333,0.999620245767383,0.206202117279198,-2.43050139617357
10000,0.75,0.2,0.09,0.5,1.2,1.2,1,0,100,15,3,8000037,1.00619539849903,0.193232450445189,-2.41867497065163,0.997327744087364,0.219908285142138,-2.43051777841656,1.00077153359631,0.203899603509686,-2.42758602786075,0.997607003127682,0.220430343310916,-2.43056188607277
10000,0.75,0.2,0.09,0.5,1.2,1.2,0,0,100,15,3,8000037,1.00619539849903,0.193232450445189,-2.41867497065163,0.997327744087364,0.219908285142138,-2.43051777841656,1.00486045621087,0.170435690799633,-2.43344905824333,0.999655472717946,0.206685870786124,-2.43054808444202
10000,0.75,0.2,0.09,0.5,1.2,1.2,1,1,100,15,3,8000038,0.9993063722861,0.199950432662985,-2.39975140963099,1.00282695350494,0.181258413162291,-2.40622408868613,1.00423561482104,0.184370581383618,-2.3945173654916,1.00235467665688,0.185429144152075,-2.40630831824235
10000,0.75,0.2,0.09,0.5,1.2,1.2,0,1,100,15,3,8000038,0.9993063722861,0.199950432662985,-2.39975140963099,1.00282695350494,0.181258413162291,-2.40622408868613,1.00691788936383,0.158879704739111,-2.39882824303705,1.00374622204554,0.176369166684449,-2.40630082990373
10000,0.75,0.2,0.09,0.5,1.2,1.2,1,0,100,15,3,8000038,0.9993063722861,0.199950432662985,-2.39975140963099,1.00282695350494,0.181258413162291,-2.40622408868613,1.00423561482104,0.184370581383618,-2.3945173654916,1.00224937222295,0.187017717880019,-2.40635274431698
10000,0.75,0.2,0.09,0.5,1.2,1.2,0,0,100,15,3,8000038,0.9993063722861,0.199950432662985,-2.39975140963099,1.00282695350494,0.181258413162291,-2.40622408868613,1.00691788936383,0.158879704739111,-2.39882824303705,1.00372770370449,0.177232996941243,-2.40634510750198
10000,0.75,0.2,0.09,0.5,1.2,1.2,1,1,100,15,3,8000039,0.993551709706577,0.211950535256565,-2.40278835717193,0.992368473068712,0.19376308061217,-2.40161010690718,0.989440192133071,0.230006242081805,-2.40639147832444,0.990161088607593,0.20971978815514,-2.40158760041495
10000,0.75,0.2,0.09,0.5,1.2,1.2,0,1,100,15,3,8000039,0.993551709706577,0.211950535256565,-2.40278835717193,0.992368473068712,0.19376308061217,-2.40161010690718,0.99459981268512,0.185679080374341,-2.41685841523015,0.992500535095657,0.194511634156372,-2.40168966313759
10000,0.75,0.2,0.09,0.5,1.2,1.2,1,0,100,15,3,8000039,0.993551709706577,0.211950535256565,-2.40278835717193,0.992368473068712,0.19376308061217,-2.40161010690718,0.989440192133071,0.230006242081805,-2.40639147832444,0.989935031541596,0.212546248914002,-2.40161418138077
10000,0.75,0.2,0.09,0.5,1.2,1.2,0,0,100,15,3,8000039,0.993551709706577,0.211950535256565,-2.40278835717193,0.992368473068712,0.19376308061217,-2.40161010690718,0.99459981268512,0.185679080374341,-2.41685841523015,0.992392752460915,0.196289159706081,-2.40173222668442
10000,0.75,0.2,0.09,0.5,1.2,1.2,1,1,100,15,3,8000040,1.00032465111419,0.190309432792066,-2.42284815257184,1.00234758782318,0.182114877563595,-2.39925963156878,1.00483822818957,0.178229886145537,-2.41629754273088,1.00228375604656,0.183285312400513,-2.39927635178547
10000,0.75,0.2,0.09,0.5,1.2,1.2,0,1,100,15,3,8000040,1.00032465111419,0.190309432792066,-2.42284815257184,1.00234758782318,0.182114877563595,-2.39925963156878,1.00733289378329,0.151924118068014,-2.42179110642044,1.00381833554802,0.173517589732454,-2.39925359181404
10000,0.75,0.2,0.09,0.5,1.2,1.2,1,0,100,15,3,8000040,1.00032465111419,0.190309432792066,-2.42284815257184,1.00234758782318,0.182114877563595,-2.39925963156878,1.00483822818957,0.178229886145537,-2.41629754273088,1.00218161441422,0.184627615424443,-2.3992978639855
10000,0.75,0.2,0.09,0.5,1.2,1.2,0,0,100,15,3,8000040,1.00032465111419,0.190309432792066,-2.42284815257184,1.00234758782318,0.182114877563595,-2.39925963156878,1.00733289378329,0.151924118068014,-2.42179110642044,1.00381588491701,0.174084867482479,-2.39927168689291
10000,0.75,0.2,0.09,0.5,1.2,1.2,1,1,100,15,3,8000041,1.00469525383479,0.193760102385112,-2.40820008296823,1.00026348813682,0.201096283677707,-2.40976689358525,1.00183845847792,0.204385248049035,-2.41132331381345,0.999602544028297,0.208335430818686,-2.40987237727411
10000,0.75,0.2,0.09,0.5,1.2,1.2,0,1,100,15,3,8000041,1.00469525383479,0.193760102385112,-2.40820008296823,1.00026348813682,0.201096283677707,-2.40976689358525,1.00696611511618,0.165756640579407,-2.41834979382226,1.00235337097428,0.189710761948823,-2.40988362663736
10000,0.75,0.2,0.09,0.5,1.2,1.2,1,0,100,15,3,8000041,1.00469525383479,0.193760102385112,-2.40820008296823,1.00026348813682,0.201096283677707,-2.40976689358525,1.00183845847792,0.204385248049035,-2.41132331381345,0.999365826287078,0.213745706813639,-2.41005242614549
10000,0.75,0.2,0.09,0.5,1.2,1.2,0,0,100,15,3,8000041,1.00469525383479,0.193760102385112,-2.40820008296823,1.00026348813682,0.201096283677707,-2.40976689358525,1.00696611511618,0.165756640579407,-2.41834979382226,1.00226360732794,0.193553751530462,-2.41006331064653
10000,0.75,0.2,0.09,0.5,1.2,1.2,1,1,100,15,3,8000042,0.995468491487565,0.206533147507854,-2.42485408583528,0.985288946367359,0.27122876464059,-2.45396685966659,0.989486135730313,0.2201923219311,-2.43310448393246,0.986545148437305,0.265954732089109,-2.45410927408949
10000,0.75,0.2,0.09,0.5,1.2,1.2,0,1,100,15,3,8000042,0.995468491487565,0.206533147507854,-2.42485408583528,0.985288946367359,0.27122876464059,-2.45396685966659,0.993125777361543,0.184884435195583,-2.4423074646798,0.98830605828421,0.254859190885957,-2.45404648973434
10000,0.75,0.2,0.09,0.5,1.2,1.2,1,0,100,15,3,8000042,0.995468491487565,0.206533147507854,-2.42485408583528,0.985288946367359,0.27122876464059,-2.45396685966659,0.989486135730313,0.2201923219311,-2.43310448393246,0.98661204853954,0.266779492197477,-2.45422269208701
10000,0.75,0.2,0.09,0.5,1.2,1.2,0,0,100,15,3,8000042,0.995468491487565,0.206533147507854,-2.42485408583528,0.985288946367359,0.27122876464059,-2.45396685966659,0.993125777361543,0.184884435195583,-2.4423074646798,0.988522857631587,0.254420222099037,-2.45414532427273
10000,0.75,0.2,0.09,0.5,1.2,1.2,1,1,100,15,3,8000043,0.997633868857775,0.20137117662876,-2.40671808390765,0.995733118386761,0.185048087286148,-2.43880742048055,0.99675081449102,0.208601262288843,-2.40638869319423,0.993936667236758,0.19867141393717,-2.4389617989857
10000,0.75,0.2,0.09,0.5,1.2,1.2,0,1,100,15,3,8000043,0.997633868857775,0.20137117662876,-2.40671808390765,0.995733118386761,0.185048087286148,-2.43880742048055,1.00042805186442,0.171245639821938,-2.41540795553438,0.995872303660757,0.185790256694827,-2.43898919609878
10000,0.75,0.2,0.09,0.5,1.2,1.2,1,0,100,15,3,8000043,0.997633868857775,0.20137117662876,-2.40671808390765,0.995733118386761,0.185048087286148,-2.43880742048055,0.99675081449102,0.208601262288843,-2.40638869319423,0.99367266942816,0.202041742613517,-2.43903612711474
10000,0.75,0.2,0.09,0.5,1.2,1.2,0,0,100,15,3,8000043,0.997633868857775,0.20137117662876,-2.40671808390765,0.995733118386761,0.185048087286148,-2.43880742048055,1.00042805186442,0.171245639821938,-2.41540795553438,0.995730206171039,0.188112636367121,-2.43907035268802
10000,0.75,0.2,0.09,0.5,1.2,1.2,1,1,100,15,3,8000044,0.999029871144441,0.207353703987534,-2.40401258962112,0.989055557962566,0.247808007126214,-2.39886761960445,0.99107889637676,0.223763804554819,-2.41868337498873,0.989748267359795,0.244744568789367,-2.3988240535252
10000,0.75,0.2,0.09,0.5,1.2,1.2,0,1,100,15,3,8000044,0.999029871144441,0.207353703987534,-2.40401258962112,0.989055557962566,0.247808007126214,-2.39886761960445,0.995027850729511,0.189309564375629,-2.42650810638307,0.991691960456658,0.231850852431721,-2.39879205766429
10000,0.75,0.2,0.09,0.5,1.2,1.2,1,0,100,15,3,8000044,0.999029871144441,0.207353703987534,-2.40401258962112,0.989055557962566,0.247808007126214,-2.39886761960445,0.99107889637676,0.223763804554819,-2.41868337498873,0.989700024096524,0.246356417967268,-2.39888367731924
10000,0.75,0.2,0.09,0.5,1.2,1.2,0,0,100,15,3,8000044,0.999029871144441,0.207353703987534,-2.40401258962112,0.989055557962566,0.247808007126214,-2.39886761960445,0.995027850729511,0.189309564375629,-2.42650810638307,0.991809388623484,0.232053426229561,-2.39884630058211
10000,0.75,0.2,0.09,0.5,1.2,1.2,1,1,100,15,3,8000045,1.00196736087564,0.206700454419887,-2.38320996310951,1.00420659079325,0.238380389309028,-2.39965293432814,1.00349741151921,0.208064497619337,-2.38096143983576,1.0048080399176,0.237985656150807,-2.39975733549421
10000,0.75,0.2,0.09,0.5,1.2,1.2,0,1,100,15,3,8000045,1.00196736087564,0.206700454419887,-2.38320996310951,1.00420659079325,0.238380389309028,-2.39965293432814,1.00733945556395,0.171075931258655,-2.38961688669073,1.00696455254068,0.224375285817262,-2.399732654875
10000,0.75,0.2,0.09,0.5,1.2,1.2,1,0,100,15,3,8000045,1.00196736087564,0.206700454419887,-2.38320996310951,1.00420659079325,0.238380389309028,-2.39965293432814,1.00349741151921,0.208064497619337,-2.38096143983576,1.00484244602534,0.23896193814338,-2.39983612456924
10000,0.75,0.2,0.09,0.5,1.2,1.2,0,0,100,15,3,8000045,1.00196736087564,0.206700454419887,-2.38320996310951,1.00420659079325,0.238380389309028,-2.39965293432814,1.00733945556395,0.171075931258655,-2.38961688669073,1.00717459745147,0.223929001309757,-2.39980842872478
10000,0.75,0.2,0.09,0.5,1.2,1.2,1,1,100,15,3,8000046,0.994988241007491,0.200799377004709,-2.41353883469798,0.992721781658545,0.217701392227324,-2.43810384529592,0.997132065819316,0.194064608539728,-2.40880202215891,0.993267998036999,0.216119968764537,-2.43825803989384
10000,0.75,0.2,0.09,0.5,1.2,1.2,0,1,100,15,3,8000046,0.994988241007491,0.200799377004709,-2.41353883469798,0.992721781658545,0.217701392227324,-2.43810384529592,1.00093560435493,0.161694115403423,-2.41428901483819,0.995116780548569,0.204538909752521,-2.43818720916733
10000,0.75,0.2,0.09,0.5,1.2,1.2,1,0,100,15,3,8000046,0.994988241007491,0.200799377004709,-2.41353883469798,0.992721781658545,0.217701392227324,-2.43810384529592,0.997132065819316,0.194064608539728,-2.40880202215891,0.993280220118414,0.217230745636141,-2.43836767082212
10000,0.75,0.2,0.09,0.5,1.2,1.2,0,0,100,15,3,8000046,0.994988241007491,0.200799377004709,-2.41353883469798,0.992721781658545,0.217701392227324,-2.43810384529592,1.00093560435493,0.161694115403423,-2.41428901483819,0.995282502002392,0.204445525823915,-2.43828105173619
10000,0.75,0.2,0.09,0.5,1.2,1.2,1,1,100,15,3,8000047,1.00288052523217,0.192331086335014,-2.41279377098874,1.0059768835218,0.184300435441188,-2.40771129104652,1.00032971101132,0.203803426653142,-2.41340456259278,1.00493645490865,0.193189306054276,-2.40768630718081
10000,0.75,0.2,0.09,0.5,1.2,1.2,0,1,100,15,3,8000047,1.00288052523217,0.192331086335014,-2.41279377098874,1.0059768835218,0.184300435441188,-2.40771129104652,1.00492932666045,0.166440822434675,-2.42047862263929,1.00699301873925,0.179430769032069,-2.40773106519179
10000,0.75,0.2,0.09,0.5,1.2,1.2,1,0,100,15,3,8000047,1.00288052523217,0.192331086335014,-2.41279377098874,1.0059768835218,0.184300435441188,-2.40771129104652,1.00032971101132,0.203803426653142,-2.41340456259278,1.00482383850003,0.195259357738993,-2.40770935121451
10000,0.75,0.2,0.09,0.5,1.2,1.2,0,0,100,15,3,8000047,1.00288052523217,0.192331086335014,-2.41279377098874,1.0059768835218,0.184300435441188,-2.40771129104652,1.00492932666045,0.166440822434675,-2.42047862263929,1.00699342932429,0.180490712164665,-2.40776420323886
10000,0.75,0.2,0.09,0.5,1.2,1.2,1,1,100,15,3,8000048,0.991112752123207,0.199439570194122,-2.4240507868535,0.991488369387442,0.205899441908512,-2.41881238880529,0.994654325750491,0.191086969297879,-2.41508646590809,0.991632411184622,0.206426065458671,-2.41892830668281
10000,0.75,0.2,0.09,0.5,1.2,1.2,0,1,100,15,3,8000048,0.991112752123207,0.199439570194122,-2.4240507868535,0.991488369387442,0.205899441908512,-2.41881238880529,0.997630296507611,0.162944146861153,-2.42107402770596,0.993338818093658,0.194764326239231,-2.41889258406721
10000,0.75,0.2,0.09,0.5,1.2,1.2,1,0,100,15,3,8000048,0.991112752123207,0.199439570194122,-2.4240507868535,0.991488369387442,0.205899441908512,-2.41881238880529,0.994654325750491,0.191086969297879,-2.41508646590809,0.99154058937752,0.20802570073983,-2.41898917835082
10000,0.75,0.2,0.09,0.5,1.2,1.2,0,0,100,15,3,8000048,0.991112752123207,0.199439570194122,-2.4240507868535,0.991488369387442,0.205899441908512,-2.41881238880529,0.997630296507611,0.162944146861153,-2.42107402770596,0.993355358190928,0.195423411786319,-2.41895221719329
10000,0.75,0.2,0.09,0.5,1.2,1.2,1,1,100,15,3,8000049,0.998181213515374,0.204346339595037,-2.40671207998398,0.996311241018431,0.20738420216968,-2.39176684523637,0.999345594236884,0.202565987273799,-2.40273847511232,0.99629509025781,0.208670455917636,-2.39180554392177
10000,0.75,0.2,0.09,0.5,1.2,1.2,0,1,100,15,3,8000049,0.998181213515374,0.204346339595037,-2.40671207998398,0.996311241018431,0.20738420216968,-2.39176684523637,1.00446972556379,0.163855635907625,-2.41004861503779,0.998942115126289,0.19168237657659,-2.39174321532605
10000,0.75,0.2,0.09,0.5,1.2,1.2,1,0,100,15,3,8000049,0.998181213515374,0.204346339595037,-2.40671207998398,0.996311241018431,0.20738420216968,-2.39176684523637,0.999345594236884,0.202565987273799,-2.40273847511232,0.996119802964321,0.211428409965192,-2.39188835988594
10000,0.75,0.2,0.09,0.5,1.2,1.2,0,0,100,15,3,8000049,0.998181213515374,0.204346339595037,-2.40671207998398,0.996311241018431,0.20738420216968,-2.39176684523637,1.00446972556379,0.163855635907625,-2.41004861503779,0.998927104500917,0.193093014199874,-2.39182223765424
10000,0.75,0.2,0.09,0.5,1.2,1.2,1,1,100,15,3,8000050,0.99703453366806,0.209266066585029,-2.39826359631288,1.00037463866363,0.21980312985923,-2.40084531693941,0.998561389299826,0.20456551468581,-2.39631643139078,1.00083416067886,0.219592144459345,-2.40089473114801
10000,0.75,0.2,0.09,0.5,1.2,1.2,0,1,100,15,3,8000050,0.99703453366806,0.209266066585029,-2.39826359631288,1.00037463866363,0.21980312985923,-2.40084531693941,1.00297658517187,0.169731140405772,-2.40280141275326,1.00288216593254,0.206284088204066,-2.40086451571795
10000,0.75,0.2,0.09,0.5,1.2,1.2,1,0,100,15,3,8000050,0.99703453366806,0.209266066585029,-2.39826359631288,1.00037463866363,0.21980312985923,-2.40084531693941,0.998561389299826,0.20456551468581,-2.39631643139078,1.00085877228268,0.220769748484522,-2.40094616202167
10000,0.75,0.2,0.09,0.5,1.2,1.2,0,0,100,15,3,8000050,0.99703453366806,0.209266066585029,-2.39826359631288,1.00037463866363,0.21980312985923,-2.40084531693941,1.00297658517187,0.169731140405772,-2.40280141275326,1.00302627992339,0.206412099569893,-2.40091164938367
